timeStamp,elapsed,label,responseCode,responseMessage,threadName,dataType,success,failureMessage,bytes,grpThreads,allThreads,URL,Latency,Hostname,IdleTime,Connect
1754262543027,259,HTTP Request,200,OK,Thread Group 1-1,text,true,,234,3,3,http://localhost:8080/,259,hibiscus,0,2
1754262543147,269,HTTP Request,200,OK,Thread Group 1-2,text,true,,234,3,3,http://localhost:8080/,269,hibiscus,0,0
1754262543267,184,HTTP Request,200,OK,Thread Group 1-3,text,true,,234,2,2,http://localhost:8080/,184,hibiscus,0,1
1754262543386,224,HTTP Request,200,OK,Thread Group 1-4,text,true,,234,2,2,http://localhost:8080/,224,hibiscus,0,1
1754262543507,212,HTTP Request,200,OK,Thread Group 1-5,text,true,,234,2,2,http://localhost:8080/,212,hibiscus,0,0
1754262543628,208,HTTP Request,200,OK,Thread Group 1-6,text,true,,234,2,2,http://localhost:8080/,208,hibiscus,0,1
1754262543748,89,HTTP Request,200,OK,Thread Group 1-7,text,true,,234,2,2,http://localhost:8080/,89,hibiscus,0,1
1754262543867,222,HTTP Request,200,OK,Thread Group 1-8,text,true,,234,2,2,http://localhost:8080/,222,hibiscus,0,1
1754262543987,141,HTTP Request,200,OK,Thread Group 1-9,text,true,,234,2,2,http://localhost:8080/,141,hibiscus,0,2
1754262544107,115,HTTP Request,200,OK,Thread Group 1-10,text,true,,234,1,1,http://localhost:8080/,115,hibiscus,0,1
1754262544348,8,HTTP Request,200,OK,Thread Group 1-12,text,true,,234,2,2,http://localhost:8080/,8,hibiscus,0,1
1754262544228,220,HTTP Request,200,OK,Thread Group 1-11,text,true,,234,1,1,http://localhost:8080/,220,hibiscus,0,1
1754262544467,107,HTTP Request,200,OK,Thread Group 1-13,text,true,,234,1,1,http://localhost:8080/,107,hibiscus,0,1
1754262544586,26,HTTP Request,200,OK,Thread Group 1-14,text,true,,234,1,1,http://localhost:8080/,26,hibiscus,0,0
1754262544706,249,HTTP Request,200,OK,Thread Group 1-15,text,true,,234,3,3,http://localhost:8080/,249,hibiscus,0,1
1754262544828,209,HTTP Request,200,OK,Thread Group 1-16,text,true,,234,2,2,http://localhost:8080/,209,hibiscus,0,1
1754262544946,131,HTTP Request,200,OK,Thread Group 1-17,text,true,,234,2,2,http://localhost:8080/,131,hibiscus,0,2
1754262545068,112,HTTP Request,200,OK,Thread Group 1-18,text,true,,234,1,1,http://localhost:8080/,112,hibiscus,0,1
1754262545307,50,HTTP Request,200,OK,Thread Group 1-20,text,true,,234,2,2,http://localhost:8080/,50,hibiscus,0,2
1754262545187,203,HTTP Request,200,OK,Thread Group 1-19,text,true,,234,1,1,http://localhost:8080/,203,hibiscus,0,1
1754262545547,20,HTTP Request,200,OK,Thread Group 1-22,text,true,,234,2,2,http://localhost:8080/,20,hibiscus,0,2
1754262545427,294,HTTP Request,200,OK,Thread Group 1-21,text,true,,234,2,2,http://localhost:8080/,294,hibiscus,0,1
1754262545786,28,HTTP Request,200,OK,Thread Group 1-24,text,true,,234,2,2,http://localhost:8080/,28,hibiscus,0,1
1754262545668,271,HTTP Request,200,OK,Thread Group 1-23,text,true,,234,2,2,http://localhost:8080/,271,hibiscus,0,1
1754262545908,198,HTTP Request,200,OK,Thread Group 1-25,text,true,,234,2,2,http://localhost:8080/,198,hibiscus,0,1
1754262546028,130,HTTP Request,200,OK,Thread Group 1-26,text,true,,234,2,2,http://localhost:8080/,130,hibiscus,0,1
1754262546147,194,HTTP Request,200,OK,Thread Group 1-27,text,true,,234,2,2,http://localhost:8080/,194,hibiscus,0,0
1754262546267,243,HTTP Request,200,OK,Thread Group 1-28,text,true,,234,3,3,http://localhost:8080/,243,hibiscus,0,1
1754262546507,30,HTTP Request,200,OK,Thread Group 1-30,text,true,,234,2,2,http://localhost:8080/,30,hibiscus,0,1
1754262546388,225,HTTP Request,200,OK,Thread Group 1-29,text,true,,234,1,1,http://localhost:8080/,225,hibiscus,0,1
1754262546626,9,HTTP Request,200,OK,Thread Group 1-31,text,true,,234,1,1,http://localhost:8080/,9,hibiscus,0,0
1754262546748,156,HTTP Request,200,OK,Thread Group 1-32,text,true,,234,2,2,http://localhost:8080/,156,hibiscus,0,1
1754262546867,207,HTTP Request,200,OK,Thread Group 1-33,text,true,,234,2,2,http://localhost:8080/,207,hibiscus,0,1
1754262547110,87,HTTP Request,200,OK,Thread Group 1-35,text,true,,234,2,2,http://localhost:8080/,87,hibiscus,0,2
1754262546987,256,HTTP Request,200,OK,Thread Group 1-34,text,true,,234,2,2,http://localhost:8080/,256,hibiscus,0,1
1754262547227,219,HTTP Request,200,OK,Thread Group 1-36,text,true,,234,2,2,http://localhost:8080/,219,hibiscus,0,2
1754262547347,185,HTTP Request,200,OK,Thread Group 1-37,text,true,,234,2,2,http://localhost:8080/,185,hibiscus,0,1
1754262547467,132,HTTP Request,200,OK,Thread Group 1-38,text,true,,234,2,2,http://localhost:8080/,132,hibiscus,0,1
1754262547589,41,HTTP Request,200,OK,Thread Group 1-39,text,true,,234,1,1,http://localhost:8080/,41,hibiscus,0,1
1754262547707,56,HTTP Request,200,OK,Thread Group 1-40,text,true,,234,1,1,http://localhost:8080/,56,hibiscus,0,1
1754262547827,161,HTTP Request,200,OK,Thread Group 1-41,text,true,,234,2,2,http://localhost:8080/,161,hibiscus,0,0
1754262548066,69,HTTP Request,200,OK,Thread Group 1-43,text,true,,234,2,2,http://localhost:8080/,69,hibiscus,0,1
1754262547947,238,HTTP Request,200,OK,Thread Group 1-42,text,true,,234,1,1,http://localhost:8080/,238,hibiscus,0,1
1754262548308,75,HTTP Request,200,OK,Thread Group 1-45,text,true,,234,2,2,http://localhost:8080/,75,hibiscus,0,7
1754262548186,241,HTTP Request,200,OK,Thread Group 1-44,text,true,,234,1,1,http://localhost:8080/,241,hibiscus,0,1
1754262548429,105,HTTP Request,200,OK,Thread Group 1-46,text,true,,234,1,1,http://localhost:8080/,105,hibiscus,0,0
1754262548548,129,HTTP Request,200,OK,Thread Group 1-47,text,true,,234,2,2,http://localhost:8080/,129,hibiscus,0,1
1754262548668,244,HTTP Request,200,OK,Thread Group 1-48,text,true,,234,3,3,http://localhost:8080/,244,hibiscus,0,1
1754262548787,173,HTTP Request,200,OK,Thread Group 1-49,text,true,,234,2,2,http://localhost:8080/,173,hibiscus,0,1
1754262548907,153,HTTP Request,200,OK,Thread Group 1-50,text,true,,234,2,2,http://localhost:8080/,153,hibiscus,0,1
1754262549027,143,HTTP Request,200,OK,Thread Group 1-51,text,true,,234,2,2,http://localhost:8080/,143,hibiscus,0,1
1754262549148,167,HTTP Request,200,OK,Thread Group 1-52,text,true,,234,2,2,http://localhost:8080/,167,hibiscus,0,2
1754262549388,100,HTTP Request,200,OK,Thread Group 1-54,text,true,,234,2,2,http://localhost:8080/,100,hibiscus,0,1
1754262549268,288,HTTP Request,200,OK,Thread Group 1-53,text,true,,234,2,2,http://localhost:8080/,288,hibiscus,0,1
1754262549506,252,HTTP Request,200,OK,Thread Group 1-55,text,true,,234,3,3,http://localhost:8080/,252,hibiscus,0,1
1754262549626,217,HTTP Request,200,OK,Thread Group 1-56,text,true,,234,2,2,http://localhost:8080/,217,hibiscus,0,1
1754262549868,101,HTTP Request,200,OK,Thread Group 1-58,text,true,,234,2,2,http://localhost:8080/,101,hibiscus,0,0
1754262549747,260,HTTP Request,200,OK,Thread Group 1-57,text,true,,234,2,2,http://localhost:8080/,260,hibiscus,0,1
1754262549988,51,HTTP Request,200,OK,Thread Group 1-59,text,true,,234,1,1,http://localhost:8080/,51,hibiscus,0,3
1754262550106,235,HTTP Request,200,OK,Thread Group 1-60,text,true,,234,2,2,http://localhost:8080/,234,hibiscus,0,1
1754262550468,34,HTTP Request,200,OK,Thread Group 1-63,text,true,,234,3,3,http://localhost:8080/,34,hibiscus,0,1
1754262550228,304,HTTP Request,200,OK,Thread Group 1-61,text,true,,234,2,2,http://localhost:8080/,304,hibiscus,0,1
1754262550347,257,HTTP Request,200,OK,Thread Group 1-62,text,true,,234,2,2,http://localhost:8080/,257,hibiscus,0,0
1754262550587,87,HTTP Request,200,OK,Thread Group 1-64,text,true,,234,1,1,http://localhost:8080/,87,hibiscus,0,0
1754262550828,122,HTTP Request,200,OK,Thread Group 1-66,text,true,,234,3,3,http://localhost:8080/,122,hibiscus,0,1
1754262550706,302,HTTP Request,200,OK,Thread Group 1-65,text,true,,234,2,2,http://localhost:8080/,302,hibiscus,0,1
1754262550947,80,HTTP Request,200,OK,Thread Group 1-67,text,true,,234,1,1,http://localhost:8080/,80,hibiscus,0,1
1754262551067,107,HTTP Request,200,OK,Thread Group 1-68,text,true,,234,1,1,http://localhost:8080/,106,hibiscus,0,1
1754262551190,203,HTTP Request,200,OK,Thread Group 1-69,text,true,,234,2,2,http://localhost:8080/,203,hibiscus,0,2
1754262551428,64,HTTP Request,200,OK,Thread Group 1-71,text,true,,234,2,2,http://localhost:8080/,64,hibiscus,0,1
1754262551309,284,HTTP Request,200,OK,Thread Group 1-70,text,true,,234,2,2,http://localhost:8080/,284,hibiscus,0,1
1754262551548,166,HTTP Request,200,OK,Thread Group 1-72,text,true,,234,2,2,http://localhost:8080/,166,hibiscus,0,1
1754262551668,204,HTTP Request,200,OK,Thread Group 1-73,text,true,,234,2,2,http://localhost:8080/,204,hibiscus,0,1
1754262551787,173,HTTP Request,200,OK,Thread Group 1-74,text,true,,234,2,2,http://localhost:8080/,173,hibiscus,0,1
1754262552147,12,HTTP Request,200,OK,Thread Group 1-77,text,true,,234,3,3,http://localhost:8080/,12,hibiscus,0,1
1754262551908,306,HTTP Request,200,OK,Thread Group 1-75,text,true,,234,2,2,http://localhost:8080/,306,hibiscus,0,1
1754262552027,274,HTTP Request,200,OK,Thread Group 1-76,text,true,,234,2,2,http://localhost:8080/,274,hibiscus,0,1
1754262552507,22,HTTP Request,200,OK,Thread Group 1-80,text,true,,234,3,3,http://localhost:8080/,22,hibiscus,0,1
1754262552268,266,HTTP Request,200,OK,Thread Group 1-78,text,true,,234,2,2,http://localhost:8080/,266,hibiscus,0,1
1754262552388,152,HTTP Request,200,OK,Thread Group 1-79,text,true,,234,1,1,http://localhost:8080/,152,hibiscus,0,1
1754262552627,222,HTTP Request,200,OK,Thread Group 1-81,text,true,,234,2,2,http://localhost:8080/,222,hibiscus,0,0
1754262552747,178,HTTP Request,200,OK,Thread Group 1-82,text,true,,234,2,2,http://localhost:8080/,178,hibiscus,0,2
1754262552868,232,HTTP Request,200,OK,Thread Group 1-83,text,true,,234,2,2,http://localhost:8080/,232,hibiscus,0,1
1754262553107,76,HTTP Request,200,OK,Thread Group 1-85,text,true,,234,2,2,http://localhost:8080/,76,hibiscus,0,1
1754262552988,228,HTTP Request,200,OK,Thread Group 1-84,text,true,,234,1,1,http://localhost:8080/,228,hibiscus,0,1
1754262553227,83,HTTP Request,200,OK,Thread Group 1-86,text,true,,234,1,1,http://localhost:8080/,83,hibiscus,0,1
1754262553347,162,HTTP Request,200,OK,Thread Group 1-87,text,true,,234,2,2,http://localhost:8080/,162,hibiscus,0,0
1754262553467,188,HTTP Request,200,OK,Thread Group 1-88,text,true,,234,2,2,http://localhost:8080/,188,hibiscus,0,1
1754262553588,141,HTTP Request,200,OK,Thread Group 1-89,text,true,,234,2,2,http://localhost:8080/,141,hibiscus,0,1
1754262553827,56,HTTP Request,200,OK,Thread Group 1-91,text,true,,234,2,2,http://localhost:8080/,56,hibiscus,0,1
1754262553948,37,HTTP Request,200,OK,Thread Group 1-92,text,true,,234,2,2,http://localhost:8080/,37,hibiscus,0,1
1754262553707,305,HTTP Request,200,OK,Thread Group 1-90,text,true,,234,1,1,http://localhost:8080/,305,hibiscus,0,1
1754262554066,177,HTTP Request,200,OK,Thread Group 1-93,text,true,,234,2,2,http://localhost:8080/,177,hibiscus,0,1
1754262554307,88,HTTP Request,200,OK,Thread Group 1-95,text,true,,234,2,2,http://localhost:8080/,88,hibiscus,0,0
1754262554188,251,HTTP Request,200,OK,Thread Group 1-94,text,true,,234,2,2,http://localhost:8080/,251,hibiscus,0,1
1754262554546,88,HTTP Request,200,OK,Thread Group 1-97,text,true,,234,2,2,http://localhost:8080/,88,hibiscus,0,1
1754262554427,219,HTTP Request,200,OK,Thread Group 1-96,text,true,,234,1,1,http://localhost:8080/,219,hibiscus,0,0
1754262554666,159,HTTP Request,200,OK,Thread Group 1-98,text,true,,234,2,2,http://localhost:8080/,159,hibiscus,0,1
1754262554909,79,HTTP Request,200,OK,Thread Group 1-100,text,true,,234,2,2,http://localhost:8080/,79,hibiscus,0,1
1754262554787,235,HTTP Request,200,OK,Thread Group 1-99,text,true,,234,1,1,http://localhost:8080/,235,hibiscus,0,1
